{
    "Cincinnati": {
        "pre_permonth": {
            "01": 512,
            "02": 588,
            "03": 889,
            "04": 491,
            "05": 1439,
            "06": 1764,
            "07": 614,
            "08": 290,
            "09": 145,
            "10": 377,
            "11": 1762,
            "12": 450
        },
        "total_precipiation": 9321,
        "relative_precipitations": {
            "01": 0.05492972856989593,
            "02": 0.06308336015448986,
            "03": 0.09537603261452633,
            "04": 0.0526767514215213,
            "05": 0.15438257697671923,
            "06": 0.18925008046346958,
            "07": 0.06587276043342989,
            "08": 0.03111254157279262,
            "09": 0.01555627078639631,
            "10": 0.040446304044630406,
            "11": 0.18903551121124343,
            "12": 0.0482780817508851
        }
    },
    "Seattle": {
        "pre_permonth": {
            "01": 1693,
            "02": 730,
            "03": 870,
            "04": 752,
            "05": 924,
            "06": 601,
            "07": 54,
            "08": 104,
            "09": 996,
            "10": 908,
            "11": 1192,
            "12": 2356
        },
        "total_precipiation": 11180,
        "relative_precipitations": {
            "01": 0.15143112701252237,
            "02": 0.06529516994633273,
            "03": 0.0778175313059034,
            "04": 0.06726296958855098,
            "05": 0.08264758497316636,
            "06": 0.053756708407871195,
            "07": 0.00483005366726297,
            "08": 0.009302325581395349,
            "09": 0.089087656529517,
            "10": 0.081216457960644,
            "11": 0.10661896243291592,
            "12": 0.2107334525939177
        }
    },
    "Maui": {
        "pre_permonth": {
            "01": 362,
            "02": 201,
            "03": 861,
            "04": 553,
            "05": 89,
            "06": 144,
            "07": 276,
            "08": 259,
            "09": 270,
            "10": 432,
            "11": 846,
            "12": 833
        },
        "total_precipiation": 5126,
        "relative_precipitations": {
            "01": 0.07062036675770582,
            "02": 0.03921186110027312,
            "03": 0.16796722590714008,
            "04": 0.10788138899726883,
            "05": 0.017362465860319937,
            "06": 0.02809207959422552,
            "07": 0.053843152555598905,
            "08": 0.050526726492391726,
            "09": 0.05267264923917284,
            "10": 0.08427623878267655,
            "11": 0.16504096761607492,
            "12": 0.16250487709715178
        }
    },
    "San Diego": {
        "pre_permonth": {
            "01": 1323,
            "02": 853,
            "03": 144,
            "04": 481,
            "05": 5,
            "06": 3,
            "07": 34,
            "08": 0,
            "09": 14,
            "10": 617,
            "11": 394,
            "12": 1903
        },
        "total_precipiation": 5771,
        "relative_precipitations": {
            "01": 0.22924969675966037,
            "02": 0.1478080055449662,
            "03": 0.0249523479466297,
            "04": 0.08334777334950615,
            "05": 0.0008664009703690869,
            "06": 0.0005198405822214521,
            "07": 0.005891526598509791,
            "08": 0.0,
            "09": 0.002425922717033443,
            "10": 0.10691387974354531,
            "11": 0.06827239646508404,
            "12": 0.32975220932247445
        }
    }
}